카테고리명,카테고리 분류코드,종이 분류코드,사이즈 분류코드,도수 분류코드,수량,가격,비고
고품격무코팅명함,003001004,159,160,94,350000,0,2.0없음
고품격무코팅명함,003001004,159,160,94,400000,0,2.0없음
고품격무코팅명함,003001004,159,160,94,450000,0,2.0없음
고품격무코팅명함,003001004,159,160,94,500000,0,2.0없음
고품격무코팅명함,003001004,159,160,95,350000,0,2.0없음
고품격무코팅명함,003001004,159,160,95,400000,0,2.0없음
고품격무코팅명함,003001004,159,160,95,450000,0,2.0없음
고품격무코팅명함,003001004,159,160,95,500000,0,2.0없음
고품격무코팅명함,003001004,159,160,96,350000,0,2.0없음
고품격무코팅명함,003001004,159,160,96,400000,0,2.0없음
고품격무코팅명함,003001004,159,160,96,450000,0,2.0없음
고품격무코팅명함,003001004,159,160,96,500000,0,2.0없음
